GCA,Ala
GCC,Ala
GCG,Ala
GCT,Ala
TGC,Cys
TGT,Cys
GAC,Asp
GAT,Asp
GAA,Glu
GAG,Glu
TTC,Phe
TTT,Phe
GGA,Gly
GGC,Gly
GGG,Gly
GGT,Gly
CAC,His
CAT,His
ATA,Ile
ATC,Ile
ATT,Ile
AAA,Lys
AAG,Lys
TTA,Leu
TTG,Leu
CTA,Leu
CTC,Leu
CTG,Leu
CTT,Leu
ATG,Met
AAC,Asn
AAT,Asn
CCA,Pro
CCC,Pro
CCG,Pro
CCT,Pro
CAA,Gln
CAG,Gln
AGA,Arg
AGG,Arg
CGA,Arg
CGC,Arg
CGG,Arg
CGT,Arg
AGC,Ser
AGT,Ser
TCA,Ser
TCC,Ser
TCG,Ser
TCT,Ser
ACA,Thr
ACC,Thr
ACG,Thr
ACT,Thr
GTA,Val
GTC,Val
GTG,Val
GTT,Val
TGG,Trp
TAC,Tyr
TAT,Tyr
TAA,Stop
TAG,Stop
TGA,Stop